                  epoch,         train/box_loss,         train/cls_loss,         train/dfl_loss,   metrics/precision(B),      metrics/recall(B),       metrics/mAP50(B),    metrics/mAP50-95(B),           val/box_loss,           val/cls_loss,           val/dfl_loss,                 lr/pg0,                 lr/pg1,                 lr/pg2
                      0,                 3.4094,                 5.2031,                 4.1765,                 0.0037,                0.03933,                0.00305,                0.00102,                 3.4382,                 12.358,                 4.5256,               0.070042,              0.0033287,              0.0033287
                      1,                 3.3394,                  5.057,                 4.0896,                0.00243,                0.26477,                0.00263,                0.00082,                  3.299,                 49.598,                  5.029,               0.039995,              0.0066149,              0.0066149
